[
{"location":"AF","name": "Afganistán","lat": "33.00","lng": "66.00"},
{"location":"AL","name": "Albania","lat": "41.00","lng": "20.00"},
{"location":"DE","name": "Alemania","lat": "51.50","lng": "10.5"},
{"location":"AD","name": "Andorra","lat": "42.55","lng": "1.58333"},
{"location":"AO","name": "Angola","lat": "-12.50","lng": "18.5"},
{"location":"AI","name": "Anguila","lat": "18.50","lng": "-63.6667"},
{"location":"AQ","name": "Antártida","lat": "-67.5889","lng": "145.617"},
{"location":"AG","name": "Antigua y Barbuda","lat": "17.05","lng": "-61.8"},
{"location":"SA","name": "Arabia Saudita","lat": "25.00","lng": "45.00"},
{"location":"DZ","name": "Argel","lat": "28.00","lng": "3.00"},
{"location":"AR","name": "Argentina","lat": "-34.00","lng": "-64.00"},
{"location":"AM","name": "Armenia","lat": "40.25","lng": "45.00"},
{"location":"AW","name": "Aruba","lat": "12.5382","lng": "-70.0515"},
{"location":"AU","name": "Australia","lat": "-25.00","lng": "135.00"},
{"location":"AT","name": "Austria","lat": "47.3333","lng": "13.3333"},
{"location":"AZ","name": "Azerbaiyán","lat": "40.50","lng": "47.5"},
{"location":"BS","name": "Bahamas","lat": "25.0408","lng": "-77.3712"},
{"location":"BH","name": "Bahréin","lat": "26.0333","lng": "50.55"},
{"location":"BD","name": "Bangladesh","lat": "24.00","lng": "90.00"},
{"location":"BB","name": "Barbados","lat": "13.1667","lng": "-59.5333"},
{"location":"BY","name": "Belarús","lat": "53.00","lng": "28.00"},
{"location":"BE","name": "Bélgica","lat": "50.75","lng": "4.5"},
{"location":"BZ","name": "Belice","lat": "17.25","lng": "-88.75"},
{"location":"BJ","name": "Benin","lat": "9.50","lng": "2.25"},
{"location":"BM","name": "Bermudas","lat": "32.3065","lng": "-64.8783"},
{"location":"BT","name": "Bhután","lat": "27.50","lng": "90.5"},
{"location":"BO","name": "Bolivia","lat": "-17.00","lng": "-65.00"},
{"location":"BA","name": "Bosnia y Herzegovina","lat": "44.25","lng": "17.8333"},
{"location":"BW","name": "Botsuana","lat": "-22.00","lng": "24.00"},
{"location":"BR","name": "Brasil","lat": "-10.00","lng": "-55.00"},
{"location":"BN","name": "Brunéi","lat": "4.5","lng": "114.667"},
{"location":"BG","name": "Bulgaria","lat": "42.6667","lng": "25.25"},
{"location":"BF","name": "Burkina Faso","lat": "12.5","lng": "-1.66667"},
{"location":"BI","name": "Burundi","lat": "-3.5","lng": "30.00"},
{"location":"CV","name": "Cabo Verde","lat": "16.00","lng": "-24.00"},
{"location":"KH","name": "Camboya","lat": "13.00","lng": "105.00"},
{"location":"CM","name": "Camerún","lat": "6.00","lng": "12.5"},
{"location":"CA","name": "Canadá","lat": "60.1087","lng": "-113.643"},
{"location":"TD","name": "Chad","lat": "15.00","lng": "19.00"},
{"location":"CL","name": "Chile","lat": "-30.00","lng": "-71.00"},
{"location":"CN","name": "China","lat": "35.00","lng": "105.00"},
{"location":"CY","name": "Chipre","lat": "35.00","lng": "33.00"},
{"location":"VA","name": "Ciudad del Vaticano","lat": "41.9022","lng": "12.4533"},
{"location":"CO","name": "Colombia","lat": "4.00","lng": "-73.25"},
{"location":"KM","name": "Comoros","lat": "-12.2333","lng": "44.4455"},
{"location":"CG","name": "Congo","lat": "-1.00","lng": "15.5"},
{"location":"KP","name": "Corea del Norte","lat": "40.00","lng": "127.00"},
{"location":"KR","name": "Corea del Sur","lat": "36.5","lng": "127.75"},
{"location":"CI","name": "Costa de Marfil","lat": "8.00","lng": "-5.50"},
{"location":"CR","name": "Costa Rica","lat": "10.00","lng": "-84.00"},
{"location":"COL","name": "Croacia","lat": "45.1667","lng": "15.5"},
{"location":"CU","name": "Cuba","lat": "22.00","lng": "-79.5"},
{"location":"DK","name": "Dinamarca","lat": "56.00","lng": "10.00"},
{"location":"DM","name": "Domínica","lat": "15.5","lng": "-61.3333"},
{"location":"EC","name": "Ecuador","lat": "-1.25","lng": "-78.25"},
{"location":"EG","name": "Egipto","lat": "27.00","lng": "30.00"},
{"location":"SV","name": "El Salvador","lat": "13.8333","lng": "-88.9167"},
{"location":"AE","name": "Emiratos Árabes Unidos","lat": "23.75","lng": "54.5"},
{"location":"ER","name": "Eritrea","lat": "15.00","lng": "39.00"},
{"location":"SK","name": "Eslovaquia","lat": "48.6667","lng": "19.5"},
{"location":"SI","name": "Eslovenia","lat": "46.0833","lng": "15.00"},
{"location":"ES","name": "España","lat": "40.00","lng": "-4.00"},
{"location":"US","name": "Estados Unidos de América","lat": "39.76","lng": "-98.5"},
{"location":"EE","name": "Estonia","lat": "59.00","lng": "26.00"},
{"location":"ET","name": "Etiopía","lat": "9.00","lng": "39.5"},
{"location":"FJ","name": "Fiji","lat": "-18.00","lng": "178.00"},
{"location":"PH","name": "Filipinas","lat": "13.00","lng": "122.00"},
{"location":"FI","name": "Finlandia","lat": "64.00","lng": "26.00"},
{"location":"FR","name": "Francia","lat": "46.00","lng": "2.00"},
{"location":"GA","name": "Gabón","lat": "-1.00","lng": "11.75"},
{"location":"GM","name": "Gambia","lat": "13.50","lng": "-15.5"},
{"location":"GE","name": "Georgia","lat": "42.00","lng": "43.4999"},
{"location":"GS","name": "Georgia del Sur e Islas Sandwich del Sur","lat": "-54.2197","lng": "-36.8331"},
{"location":"GH","name": "Ghana","lat": "8.1","lng": "-1.2"},
{"location":"GI","name": "Gibraltar","lat": "36.1167","lng": "-5.33333"},
{"location":"GD","name": "Granada","lat": "12.1167","lng": "-61.6667"},
{"location":"GR","name": "Grecia","lat": "39.00","lng": "22.00"},
{"location":"GL","name": "Groenlandia","lat": "63.8333","lng": "-41.7167"},
{"location":"GP","name": "Guadalupe","lat": "16.4266","lng": "-61.3986"},
{"location":"GU","name": "Guam","lat": "13.4645","lng": "144.654"},
{"location":"GT","name": "Guatemala","lat": "15.5","lng": "-90.25"},
{"location":"GY","name": "Guayana","lat": "5.00","lng": "-59.00"},
{"location":"GF","name": "Guayana Francesa","lat": "4.1","lng": "-54.45"},
{"location":"GC","name": "Guernsey","lat": "49.4125","lng": "-2.38222"},
{"location":"GN","name": "Guinea","lat": "10.8333","lng": "-10.6667"},
{"location":"GQ","name": "Guinea Ecuatorial","lat": "1.7","lng": "10.5"},
{"location":"GW","name": "Guinea-Bissau","lat": "12.00","lng": "-15.00"},
{"location":"HT","name": "Haití","lat": "19.00","lng": "-72.4167"},
{"location":"HN","name": "Honduras","lat": "15.00","lng": "-86.5"},
{"location":"HK","name": "Hong Kong","lat": "22.2506","lng": "114.157"},
{"location":"HU","name": "Hungría","lat": "47.00","lng": "20.00"},
{"location":"IN","name": "India","lat": "22.00","lng": "79.00"},
{"location":"ID","name": "Indonesia","lat": "-5.00","lng": "120.00"},
{"location":"IQ","name": "Irak","lat": "33.00","lng": "44.00"},
{"location":"IR","name": "Irán","lat": "32.00","lng": "53.00"},
{"location":"IE","name": "Irlanda","lat": "53.00","lng": "-8.00"},
{"location":"BV","name": "Isla Bouvet","lat": "-54.45","lng": "3.31667"},
{"location":"IM","name": "Isla de Man","lat": "54.3667","lng": "-4.43333"},
{"location":"IS","name": "Islandia","lat": "65.00","lng": "-18.00"},
{"location":"AX","name": "Islas Áland","lat": "60.15","lng": "20.8667"},
{"location":"KY","name": "Islas Caimán","lat": "19.3333","lng": "-81.1167"},
{"location":"CX","name": "Islas Christmas","lat": "-10.4833","lng": "105.633"},
{"location":"CC","name": "Islas Cocos","lat": "-12.1167","lng": "96.8167"},
{"location":"CK","name": "Islas Cook","lat": "-20.15","lng": "-157.367"},
{"location":"FO","name": "Islas Faroe","lat": "62.2403","lng": "-6.35258"},
{"location":"HM","name": "Islas Heard y McDonald","lat": "-53.1","lng": "73.4"},
{"location":"FK","name": "Islas Malvinas","lat": "-52.1895","lng": "-59.0594"},
{"location":"MH","name": "Islas Marshall","lat": "6.23211","lng": "171.952"},
{"location":"NF","name": "Islas Norkfolk","lat": "-29.0333","lng": "167.95"},
{"location":"PW","name": "Islas Palaos","lat": "7.22037","lng": "134.439"},
{"location":"PN","name": "Islas Pitcairn","lat": "-25.066","lng": "-130.101"},
{"location":"SB","name": "Islas Solomón","lat": "-8","lng": "159.00"},
{"location":"SJ","name": "Islas Svalbard y Jan Mayen","lat": "78.4029","lng": "18.6235"},
{"location":"TC","name": "Islas Turcas y Caicos","lat": "21.8025","lng": "-71.7496"},
{"location":"VG","name": "Islas Vírgenes Británicas","lat": "18.4","lng": "-64.6833"},
{"location":"VI","name": "Islas Vírgenes de los Estados Unidos de América","lat": "18.3605","lng": "-64.7435"},
{"location":"IL","name": "Israel","lat": "31.5","lng": "34.75"},
{"location":"IT","name": "Italia","lat": "42.8333","lng": "12.8333"},
{"location":"JM","name": "Jamaica","lat": "18.1667","lng": "-77.25"},
{"location":"JP","name": "Japón","lat": "35.6854","lng": "139.753"},
{"location":"JE","name": "Jersey","lat": "49.1733","lng": "-2.21889"},
{"location":"JO","name": "Jordania","lat": "31.00","lng": "36.00"},
{"location":"KZ","name": "Kazajstán","lat": "48.00","lng": "68.00"},
{"location":"KE","name": "Kenia","lat": "1.00","lng": "38.00"},
{"location":"KG","name": "Kirguistán","lat": "41.5","lng": "75.00"},
{"location":"KI","name": "Kiribati","lat": "1.421","lng": "172.984"},
{"location":"KW","name": "Kuwait","lat": "29.5","lng": "47.75"},
{"location":"LA","name": "Laos","lat": "18.00","lng": "105.00"},
{"location":"LS","name": "Lesotho","lat": "-29.5","lng": "28.25"},
{"location":"LV","name": "Letonia","lat": "57.00","lng": "25.000"},
{"location":"LB","name": "Líbano","lat": "33.8333","lng": "35.8333"},
{"location":"LR","name": "Liberia","lat": "6.5","lng": "-9.5"},
{"location":"LY","name": "Libia","lat": "28.00","lng": "17.00"},
{"location":"LI","name": "Liechtenstein","lat": "47.1667","lng": "9.53333"},
{"location":"LT","name": "Lituania","lat": "55.4167","lng": "24.00"},
{"location":"LU","name": "Luxemburgo","lat": "49.75","lng": "6.16667"},
{"location":"MO","name": "Macao","lat": "22.2159","lng": "113.549"},
{"location":"MK","name": "Macedonia","lat": "41.6667","lng": "21.75"},
{"location":"MG","name": "Madagascar","lat": "-20.00","lng": "47"},
{"location":"MY","name": "Malasia","lat": "2.5","lng": "112.5"},
{"location":"MW","name": "Malawi","lat": "-13.5","lng": "34.00"},
{"location":"MV","name": "Maldivas","lat": "3.2","lng": "73.00"},
{"location":"ML","name": "Mali","lat": "18.00","lng": "-2.00"},
{"location":"MT","name": "Malta","lat": "35.9167","lng": "14.4333"},
{"location":"MA","name": "Marruecos","lat": "32.00","lng": "-6.00"},
{"location":"MQ","name": "Martinica","lat": "14.8226","lng": "-61.1232"},
{"location":"MU","name": "Mauricio","lat": "-20.3","lng": "57.5833"},
{"location":"MR","name": "Mauritania","lat": "20.25","lng": "-10.5"},
{"location":"YT","name": "Mayotte","lat": "-12.7221","lng": "5.0581"},
{"location":"MX","name": "México","lat": "23.00","lng": "-102.00"},
{"location":"FM","name": "Micronesia","lat": "8.55869","lng": "151.335"},
{"location":"MD","name": "Moldova","lat": "47.25","lng": "28.5833"},
{"location":"MC","name": "Mónaco","lat": "43.7314","lng": "7.41903"},
{"location":"MN","name": "Mongolia","lat": "46.00","lng": "105.00"},
{"location":"ME","name": "Montenegro","lat": "42.75","lng": "19.25"},
{"location":"MS","name": "Montserrat","lat": "16.7","lng": "-62.2"},
{"location":"MZ","name": "Mozambique","lat": "-18.25","lng": "35.00"},
{"location":"MM","name": "Myanmar","lat": "21.00","lng": "96.00"},
{"location":"NA","name": "Namibia","lat": "-22.00","lng": "17.00"},
{"location":"NR","name": "Nauru","lat": "-0.517","lng": "166.933"},
{"location":"NP","name": "Nepal","lat": "28.00","lng": "84.00"},
{"location":"NI","name": "Nicaragua","lat": "13.00","lng": "-85.00"},
{"location":"NE","name": "Níger","lat": "18.00","lng": "9.00"},
{"location":"NG","name": "Nigeria","lat": "10.00","lng": "8.00"},
{"location":"NU","name": "Niue","lat": "-19.05","lng": "-169.95"},
{"location":"NO","name": "Noruega","lat": "62.00","lng": "10.00"},
{"location":"NC","name": "Nueva Caledonia","lat": "-20.4","lng": "166.567"},
{"location":"NZ","name": "Nueva Zelanda","lat": "-42.00","lng": "174.00"},
{"location":"OM","name": "Omán","lat": "21.00","lng": "57.00"},
{"location":"NL","name": "Países Bajos","lat": "52.25","lng": "5.75"},
{"location":"PK","name": "Pakistán","lat": "30.00","lng": "70.00"},
{"location":"PS","name": "Palestina","lat": "31.7175","lng": "35.3247"},
{"location":"PA","name": "Panamá","lat": "9.00","lng": "-80.00"},
{"location":"PG","name": "Papúa Nueva Guinea","lat": "-6.00","lng": "147.00"},
{"location":"PY","name": "Paraguay","lat": "-23.3333","lng": "-58.00"},
{"location":"PE","name": "Perú","lat": "-10.00","lng": "-75.25"},
{"location":"PF","name": "Polinesia Francesa","lat": "-17.75","lng": "-149.283"},
{"location":"PL","name": "Polonia","lat": "52.00","lng": "20.00"},
{"location":"PT","name": "Portugal","lat": "39.6945","lng": "-8.13057"},
{"location":"PR","name": "Puerto Rico","lat": "18.4676","lng": "-66.1136"},
{"location":"QA","name": "Qatar","lat": "25.5","lng": "51.25"},
{"location":"GB","name": "Reino Unido","lat": "54.7584","lng": "-2.69531"},
{"location":"CF","name": "República Centro-Africana","lat": "7.00","lng": "21.00"},
{"location":"CZ","name": "República Checa","lat": "49.75","lng": "15.00"},
{"location":"DO","name": "República Dominicana","lat": "19.00","lng": "-70.6667"},
{"location":"RE","name": "Reunión","lat": "-21.1738","lng": "55.3085"},
{"location":"RW","name": "Ruanda","lat": "-2.00","lng": "30.00"},
{"location":"RO","name": "Rumanía","lat": "46.00","lng": "25.00"},
{"location":"RU","name": "Rusia","lat": "60.00","lng": "100.00"},
{"location":"EH","name": "Sahara Occidental","lat": "23.7667","lng": "-12.25"},
{"location":"WS","name": "Samoa","lat": "-13.8","lng": "-172.133"},
{"location":"AS","name": "Samoa Americana","lat": "-14.2975","lng": "-170.758"},
{"location":"BL","name": "San Bartolomé","lat": "17.9167","lng": "-62.85"},
{"location":"KN","name": "San Cristóbal y Nieves","lat": "17.3333","lng": "-62.75"},
{"location":"SM","name": "San Marino","lat": "43.9367","lng": "12.4463"},
{"location":"PM","name": "San Pedro y Miquelón","lat": "47.0833","lng": "-56.1569"},
{"location":"VC","name": "San Vicente y las Granadinas","lat": "13.0833","lng": "-61.2"},
{"location":"SH","name": "Santa Elena","lat": "-15.95","lng": "-5.7"},
{"location":"LC","name": "Santa Lucía","lat": "13.8833","lng": "-60.9667"},
{"location":"ST","name": "Santo Tomé y Príncipe","lat": "1.00","lng": "7"},
{"location":"SN","name": "Senegal","lat": "14.5","lng": "-14.25"},
{"location":"RS","name": "Serbia y Montenegro","lat": "44.8189","lng": "20.46"},
{"location":"SC","name": "Seychelles","lat": "-4.58333","lng": "55.6667"},
{"location":"SL","name": "Sierra Leona","lat": "8.5","lng": "-11.5"},
{"location":"SG","name": "Singapur","lat": "1.36667","lng": "103.8"},
{"location":"SY","name": "Siria","lat": "35.00","lng": "38.00"},
{"location":"SO","name": "Somalia","lat": "6.00","lng": "48.00"},
{"location":"LK","name": "Sri Lanka","lat": "7.75","lng": "80.75"},
{"location":"SZ","name": "Suazilandia","lat": "-26.5","lng": "31.5"},
{"location":"ZA","name": "Sudáfrica","lat": "-29.00","lng": "24.00"},
{"location":"SD","name": "Sudán","lat": "16.00","lng": "30.00"},
{"location":"SE","name": "Suecia","lat": "62.00","lng": "15.00"},
{"location":"CH","name": "Suiza","lat": "47.0002","lng": "8.01427"},
{"location":"SR","name": "Surinam","lat": "4.00","lng": "-56.00"},
{"location":"TH","name": "Tailandia","lat": "15.5","lng": "101.00"},
{"location":"TW","name": "Taiwán","lat": "24.00","lng": "121.00"},
{"location":"TZ","name": "Tanzania","lat": "-6.00","lng": "35.00"},
{"location":"TJ","name": "Tayikistán","lat": "39.00","lng": "71.00"},
{"location":"IO","name": "Territorio Británico del Océano Índico","lat": "-7.23769","lng": "72.4026"},
{"location":"TF","name": "Territorios Australes Franceses","lat": "-49.6167","lng": "70.25"},
{"location":"TL","name": "Timor-Leste","lat": "-8.83333","lng": "125.75"},
{"location":"TG","name": "Togo","lat": "8.66667","lng": "1.08333"},
{"location":"TK","name": "Tokelau","lat": "-9.35283","lng": "-171.253"},
{"location":"TO","name": "Tonga","lat": "-20.00","lng": "-175.00"},
{"location":"TT","name": "Trinidad y Tobago","lat": "11.00","lng": "-61.00"},
{"location":"TN","name": "Túnez","lat": "34.00","lng": "9.00"},
{"location":"TM","name": "Turkmenistán","lat": "39.75","lng": "59.6667"},
{"location":"TR","name": "Turquía","lat": "39.00","lng": "35.00"},
{"location":"TV","name": "Tuvalu","lat": "-8.51719","lng": "179.145"},
{"location":"UA","name": "Ucrania","lat": "49.00","lng": "32.00"},
{"location":"UG","name": "Uganda","lat": "1.25","lng": "32.5"},
{"location":"UY","name": "Uruguay","lat": "-33.00","lng": "-56.00"},
{"location":"UZ","name": "Uzbekistán","lat": "41.6667","lng": "63.8333"},
{"location":"VU","name": "Vanuatu","lat": "-16.00","lng": "167.00"},
{"location":"VE","name": "Venezuela","lat": "8.00","lng": "-66.00"},
{"location":"VN","name": "Vietnam","lat": "16.1667","lng": "107.833"},
{"location":"WF","name": "Wallis y Futuna","lat": "-11.9167","lng": "-178.167"},
{"location":"YE","name": "Yemen","lat": "15.5","lng": "47.5"},
{"location":"DJ","name": "Yibuti","lat": "11.8333","lng": "42.5"}
]